City_ID,City,Country,Date,Lat,Lng,Max Temp,Humidity,Cloudiness,Wind Speed
0,Kembe,CF,2021-02-05 17:36:37,4.6228,21.8865,81.72,32,21,0.94
1,Hilo,US,2021-02-05 17:36:37,19.7297,-155.09,63.0,67,75,8.05
2,Geraldton,AU,2021-02-05 17:32:59,-28.7667,114.6,64.4,82,90,16.11
3,Punta Arenas,CL,2021-02-05 17:36:37,-53.15,-70.9167,57.2,47,0,26.46
4,Bredasdorp,ZA,2021-02-05 17:36:38,-34.5322,20.0403,71.6,73,1,10.36
5,Pecos,US,2021-02-05 17:32:53,31.4229,-103.4932,50.0,46,1,4.27
6,Namtsy,RU,2021-02-05 17:36:38,62.7161,129.6658,-41.8,60,87,4.47
7,Qaanaaq,GL,2021-02-05 17:36:38,77.484,-69.3632,-10.82,73,46,6.67
8,Ostrovnoy,RU,2021-02-05 17:36:38,68.0531,39.5131,12.2,92,100,13.38
9,Rikitea,PF,2021-02-05 17:36:38,-23.1203,-134.9692,78.67,69,27,10.65
10,Novikovo,RU,2021-02-05 17:36:39,51.1537,37.8879,14.07,93,52,14.03
11,Karratha,AU,2021-02-05 17:33:18,-20.7377,116.8463,79.99,79,12,8.57
12,Montego Bay,JM,2021-02-05 17:33:34,18.4712,-77.9188,84.2,74,20,13.8
13,Lebu,CL,2021-02-05 17:36:39,-37.6167,-73.65,66.09,68,37,13.94
14,Tura,IN,2021-02-05 17:36:39,25.5198,90.2201,63.09,45,0,3.67
15,Lavrentiya,RU,2021-02-05 17:32:45,65.5833,-171.0,2.59,92,100,16.42
16,Zheleznodorozhnyy,RU,2021-02-05 17:36:39,55.7503,38.0042,14.0,73,75,17.9
17,Butaritari,KI,2021-02-05 17:36:39,3.0707,172.7902,80.82,83,100,13.78
18,Ushuaia,AR,2021-02-05 17:35:17,-54.8,-68.3,48.2,66,75,32.21
19,Castro,BR,2021-02-05 17:36:40,-24.7911,-50.0119,75.51,52,0,6.78
20,Sambava,MG,2021-02-05 17:33:06,-14.2667,50.1667,79.02,80,14,3.58
21,Pevek,RU,2021-02-05 17:36:40,69.7008,170.3133,-14.13,87,83,1.72
22,Tondano,ID,2021-02-05 17:36:40,1.3038,124.9112,75.2,94,40,2.3
23,Bethel,US,2021-02-05 17:36:40,41.3712,-73.414,37.99,87,90,9.22
24,Inhambane,MZ,2021-02-05 17:36:40,-23.865,35.3833,73.4,94,75,3.44
25,Nikolskoye,RU,2021-02-05 17:36:40,59.7035,30.7861,9.0,85,40,11.18
26,Ribeira Grande,PT,2021-02-05 17:36:40,38.5167,-28.7,60.8,63,40,16.11
27,Jamestown,US,2021-02-05 17:36:41,42.097,-79.2353,28.4,64,90,25.32
28,Cherskiy,RU,2021-02-05 17:33:01,68.75,161.3,-14.57,78,0,5.19
29,Tanete,ID,2021-02-05 17:36:41,-3.9443,119.7848,76.37,90,98,4.14
30,Albany,US,2021-02-05 17:36:41,42.6001,-73.9662,39.99,56,96,4.0
31,Tuktoyaktuk,CA,2021-02-05 17:36:41,69.4541,-133.0374,-29.2,75,40,10.36
32,Rabo De Peixe,PT,2021-02-05 17:36:41,37.8,-25.5833,57.2,62,40,16.11
33,Zhigansk,RU,2021-02-05 17:33:57,66.7697,123.3711,-41.13,75,36,4.0
34,Lahij,YE,2021-02-05 17:36:42,13.1667,44.5833,69.17,68,20,9.15
35,Enid,US,2021-02-05 17:36:42,36.3956,-97.8784,52.0,40,75,16.11
36,Yolombo,CO,2021-02-05 17:32:38,6.5984,-75.0114,69.8,60,75,6.91
37,Shingu,JP,2021-02-05 17:34:11,33.7333,135.9833,47.05,69,93,6.11
38,Lengshuitan,CN,2021-02-05 17:36:42,26.4111,111.5956,50.76,81,2,2.98
39,Toora-Khem,RU,2021-02-05 17:36:42,52.4675,96.11,-1.19,90,58,0.67
40,Sawakin,SD,2021-02-05 17:36:42,19.1059,37.3321,73.53,54,0,9.78
41,Hermanus,ZA,2021-02-05 17:33:45,-34.4187,19.2345,73.99,74,1,1.99
42,Iqaluit,CA,2021-02-05 17:36:42,63.7506,-68.5145,19.4,86,75,23.02
43,Anadyr,RU,2021-02-05 17:36:43,64.75,177.4833,1.4,71,40,6.71
44,Yellowknife,CA,2021-02-05 17:36:43,62.456,-114.3525,-34.01,67,1,5.75
45,Traralgon,AU,2021-02-05 17:36:43,-38.1833,146.5333,69.01,97,68,4.0
46,Guerrero Negro,MX,2021-02-05 17:32:55,27.9769,-114.0611,66.06,49,0,7.7
47,Mahon,ES,2021-02-05 17:36:43,39.8885,4.2658,59.0,77,0,6.91
48,Nemuro,JP,2021-02-05 17:35:33,43.3236,145.575,23.92,88,21,6.73
49,Rodrigues Alves,BR,2021-02-05 17:36:43,-7.738,-72.6509,84.2,79,75,3.44
50,Saint-Philippe,RE,2021-02-05 17:36:44,-21.3585,55.7679,82.4,65,0,8.05
51,Torbay,CA,2021-02-05 17:35:17,47.6666,-52.7314,41.0,93,75,14.97
52,Mar Del Plata,AR,2021-02-05 17:36:38,-38.0023,-57.5575,73.4,53,0,10.36
53,Rosetta,EG,2021-02-05 17:36:44,31.4044,30.4164,62.6,72,40,11.5
54,New Norfolk,AU,2021-02-05 17:36:44,-42.7826,147.0587,64.99,92,100,4.05
55,Bilibino,RU,2021-02-05 17:36:44,68.0546,166.4372,-20.0,80,6,4.0
56,Bluff,NZ,2021-02-05 17:36:44,-46.6,168.3333,52.47,88,83,4.76
57,Mataura,NZ,2021-02-05 17:32:18,-46.1927,168.8643,46.89,95,81,1.68
58,Saint-Joseph,RE,2021-02-05 17:36:44,-21.3667,55.6167,82.4,65,0,8.05
59,Sitka,US,2021-02-05 17:32:38,57.0531,-135.33,33.8,100,90,2.06
60,Codrington,AU,2021-02-05 17:36:45,-38.2667,141.9667,53.82,90,30,10.96
61,Port Alfred,ZA,2021-02-05 17:31:54,-33.5906,26.891,70.0,92,99,3.0
62,Paita,PE,2021-02-05 17:36:45,-5.0892,-81.1144,77.0,73,75,11.5
63,Sao Felix Do Xingu,BR,2021-02-05 17:36:45,-6.6447,-51.995,86.2,71,58,6.22
64,Palana,RU,2021-02-05 17:36:45,59.1167,159.9667,-4.97,92,39,4.18
65,Salalah,OM,2021-02-05 17:36:46,17.0151,54.0924,75.2,64,40,5.75
66,Kuna,US,2021-02-05 17:36:46,43.4918,-116.4201,41.0,81,90,5.75
67,Atuona,PF,2021-02-05 17:36:46,-9.8,-139.0333,79.21,81,55,17.49
68,Upernavik,GL,2021-02-05 17:36:46,72.7868,-56.1549,4.26,74,99,2.82
69,Vaini,TO,2021-02-05 17:36:46,-21.2,-175.2,77.0,100,40,2.3
70,Ponta Do Sol,PT,2021-02-05 17:36:46,32.6667,-17.1,55.99,59,54,7.0
71,Djougou,BJ,2021-02-05 17:36:46,9.7085,1.666,95.0,9,0,6.91
72,Kununurra,AU,2021-02-05 17:36:47,-15.7667,128.7333,77.0,100,100,13.98
73,Manokwari,ID,2021-02-05 17:36:47,-0.8667,134.0833,77.68,78,100,5.82
74,Cidreira,BR,2021-02-05 17:36:47,-30.1811,-50.2056,75.22,59,72,18.59
75,Bambous Virieux,MU,2021-02-05 17:36:47,-20.3428,57.7575,80.6,78,40,8.05
76,Narsaq,GL,2021-02-05 17:33:03,60.9167,-46.05,21.2,30,1,3.44
77,Seoul,KR,2021-02-05 17:35:03,37.5683,126.9778,37.4,70,75,2.3
78,Tiksi,RU,2021-02-05 17:36:47,71.6872,128.8694,-18.89,88,100,14.41
79,Karanpura,IN,2021-02-05 17:36:47,29.1018,75.092,58.26,45,0,5.77
80,Provideniya,RU,2021-02-05 17:36:47,64.3833,-173.3,6.15,90,100,18.9
81,Talnakh,RU,2021-02-05 17:36:48,69.4865,88.3972,-25.83,84,99,4.94
82,Fuyu,CN,2021-02-05 17:36:48,45.1833,124.8167,7.97,92,98,3.96
83,Turbiv,UA,2021-02-05 17:36:48,49.3479,28.7212,23.0,74,75,8.95
84,Morococha,PE,2021-02-05 17:36:48,-11.5997,-76.1411,47.39,64,100,4.61
85,Hasaki,JP,2021-02-05 17:36:48,35.7333,140.8333,41.0,81,75,2.3
86,Sorong,ID,2021-02-05 17:32:23,-0.8833,131.25,81.23,76,100,2.68
87,Necochea,AR,2021-02-05 17:36:48,-38.5473,-58.7368,90.0,29,0,1.99
88,Bahir Dar,ET,2021-02-05 17:36:48,11.5936,37.3908,66.79,34,5,8.77
89,Port Elizabeth,ZA,2021-02-05 17:36:48,-33.918,25.5701,71.6,83,75,12.66
90,Sangar,RU,2021-02-05 17:36:49,63.9242,127.4739,-43.08,79,99,2.15
91,Chuy,UY,2021-02-05 17:32:41,-33.6971,-53.4616,70.66,61,69,13.27
92,Bathsheba,BB,2021-02-05 17:36:49,13.2167,-59.5167,82.4,57,75,23.02
93,East London,ZA,2021-02-05 17:36:49,-33.0153,27.9116,69.8,100,75,10.36
94,Jalu,LY,2021-02-05 17:32:23,29.0331,21.5482,59.77,49,0,6.96
95,Kapaa,US,2021-02-05 17:32:06,22.0752,-159.319,63.0,77,75,5.75
96,Lugo,ES,2021-02-05 17:32:39,43.0,-7.5,48.99,84,100,7.0
97,Arraial Do Cabo,BR,2021-02-05 17:36:49,-22.9661,-42.0278,82.4,78,75,12.66
98,Husavik,IS,2021-02-05 17:32:32,66.0449,-17.3389,24.8,74,0,3.44
99,Nanortalik,GL,2021-02-05 17:36:50,60.1432,-45.2371,21.97,77,0,1.52
100,Babu,CN,2021-02-05 17:36:50,24.4167,111.5167,60.98,61,29,3.91
101,Seddon,AU,2021-02-05 17:36:50,-37.8068,144.8916,62.6,67,3,5.75
102,Holeby,DK,2021-02-05 17:36:50,54.7115,11.4642,32.0,78,100,10.0
103,Busselton,AU,2021-02-05 17:36:50,-33.65,115.3333,61.0,70,96,1.01
104,Sur,OM,2021-02-05 17:36:50,22.5667,59.5289,65.08,66,0,2.75
105,Mahebourg,MU,2021-02-05 17:36:50,-20.4081,57.7,80.6,78,40,8.05
106,Barrow,US,2021-02-05 17:36:50,71.2906,-156.7887,-16.6,69,90,12.66
107,Huilong,CN,2021-02-05 17:36:51,31.8111,121.655,48.99,90,85,4.0
108,Ortakoy,TR,2021-02-05 17:36:51,38.7373,34.0387,41.0,70,0,6.91
109,Garmsar,IR,2021-02-05 17:36:51,35.2182,52.3409,58.24,55,100,7.63
110,Aloleng,PH,2021-02-05 17:36:51,16.1307,119.7824,78.17,74,17,6.93
111,Thompson,CA,2021-02-05 17:32:40,55.7435,-97.8558,-14.8,70,75,14.97
112,Okhotsk,RU,2021-02-05 17:36:51,59.3833,143.3,-1.05,86,98,9.24
113,Empalme,MX,2021-02-05 17:36:51,27.9667,-110.8167,73.0,34,1,8.05
114,Luderitz,NA,2021-02-05 17:36:51,-26.6481,15.1594,75.0,48,0,26.6
115,Port Blair,IN,2021-02-05 17:36:51,11.6667,92.75,78.66,79,9,8.05
116,Cordoba,AR,2021-02-05 17:36:52,-31.4135,-64.1811,84.0,53,0,10.36
117,Cintalapa,MX,2021-02-05 17:36:52,16.6951,-93.7272,83.52,41,1,10.76
118,Zlitan,LY,2021-02-05 17:36:52,32.4674,14.5687,70.21,29,17,10.92
119,Esperance,AU,2021-02-05 17:36:52,-33.8667,121.9,59.0,94,90,5.75
120,Saint-Georges,GD,2021-02-05 17:36:52,12.0564,-61.7485,82.4,65,75,26.46
121,Imeni Poliny Osipenko,RU,2021-02-05 17:36:52,52.4201,136.4853,-17.84,87,100,2.53
122,Siderno,IT,2021-02-05 17:36:52,38.2779,16.302,59.0,77,33,3.44
123,Elat,IL,2021-02-05 17:36:52,29.5581,34.9482,59.0,88,75,19.06
124,Gidam,IN,2021-02-05 17:36:53,18.9833,81.4,61.9,36,0,1.39
125,Mehamn,NO,2021-02-05 17:36:53,71.0357,27.8492,30.2,74,75,25.32
126,Kulhudhuffushi,MV,2021-02-05 17:36:53,6.6221,73.07,81.88,76,100,12.55
127,Ginda,IN,2021-02-05 17:36:53,30.6945,78.4932,33.93,71,5,7.11
128,Tasiilaq,GL,2021-02-05 17:32:25,65.6145,-37.6368,23.0,58,20,2.3
129,Kawambwa,ZM,2021-02-05 17:36:53,-9.7915,29.0791,67.1,94,89,2.01
130,Malanje,AO,2021-02-05 17:36:53,-9.5402,16.341,68.54,90,100,2.04
131,Columbus,US,2021-02-05 17:36:53,39.9612,-82.9988,30.99,59,40,20.71
132,Orcopampa,PE,2021-02-05 17:36:53,-15.2661,-72.3417,52.66,59,96,2.04
133,Grindavik,IS,2021-02-05 17:36:53,63.8424,-22.4338,37.4,81,75,23.02
134,Caravelas,BR,2021-02-05 17:36:54,-17.7125,-39.2481,86.32,65,80,14.34
135,Dikson,RU,2021-02-05 17:32:51,73.5069,80.5464,-32.67,83,4,10.96
136,Tirumullaivasal,IN,2021-02-05 17:36:54,11.2333,79.8333,74.61,80,0,11.39
137,Henties Bay,NA,2021-02-05 17:36:54,-22.116,14.2845,66.0,87,31,1.99
138,Hobart,AU,2021-02-05 17:36:11,-42.8794,147.3294,64.99,88,90,4.61
139,Tikapur,NP,2021-02-05 17:36:54,28.5,81.1333,55.8,82,72,7.14
140,Longyearbyen,SJ,2021-02-05 17:36:54,78.2186,15.6401,19.4,86,75,4.61
141,Hithadhoo,MV,2021-02-05 17:36:54,-0.6,73.0833,82.8,77,100,13.82
142,Demyansk,RU,2021-02-05 17:36:54,57.643,32.466,7.77,94,100,8.3
143,Champerico,GT,2021-02-05 17:36:55,14.3,-91.9167,86.0,62,20,4.61
144,San Patricio,US,2021-02-05 17:36:55,28.017,-97.5169,62.01,59,90,19.57
145,Mala,PE,2021-02-05 17:36:55,-12.6581,-76.6308,75.42,61,100,8.43
146,Namibe,AO,2021-02-05 17:36:55,-15.1961,12.1522,72.68,78,7,8.68
147,Lasa,IT,2021-02-05 17:36:55,46.6166,10.7002,42.01,80,0,3.42
148,Conde,BR,2021-02-05 17:36:55,-7.2597,-34.9075,87.8,55,20,11.5
149,Jinchang,CN,2021-02-05 17:36:55,38.4953,102.1739,32.58,59,0,7.18
150,Makat,KZ,2021-02-05 17:36:55,47.6469,53.3463,36.63,91,94,2.98
151,Antofagasta,CL,2021-02-05 17:36:49,-23.65,-70.4,73.99,64,20,13.8
152,Severo-Kurilsk,RU,2021-02-05 17:36:56,50.6789,156.125,11.7,84,84,8.32
153,Makakilo City,US,2021-02-05 17:34:38,21.3469,-158.0858,62.6,82,90,3.44
154,Kruisfontein,ZA,2021-02-05 17:36:56,-34.0033,24.7314,73.99,74,9,7.0
155,Talaya,RU,2021-02-05 17:36:56,61.3833,152.75,-20.94,84,100,2.15
156,Garelochhead,GB,2021-02-05 17:36:56,56.082,-4.8291,39.99,87,90,23.02
157,Abancay,PE,2021-02-05 17:36:56,-13.6339,-72.8814,48.2,100,90,9.22
158,Xinzhi,CN,2021-02-05 17:36:56,36.4989,111.7047,40.71,56,0,1.19
159,Muros,ES,2021-02-05 17:36:57,42.7762,-9.0603,54.0,72,91,18.03
160,Praia,CV,2021-02-05 17:36:57,14.9215,-23.5087,73.4,60,75,26.46
161,Victoria Point,AU,2021-02-05 17:36:57,-27.5833,153.3,73.99,79,83,6.22
162,Airai,TL,2021-02-05 17:36:57,-8.9266,125.4092,61.75,100,100,3.13
163,Faanui,PF,2021-02-05 17:32:36,-16.4833,-151.75,81.16,67,60,7.05
164,Kodiak,US,2021-02-05 17:33:47,57.79,-152.4072,24.8,80,1,4.61
165,Viedma,AR,2021-02-05 17:36:57,-40.8135,-62.9967,100.0,14,0,8.01
166,Bayonet Point,US,2021-02-05 17:36:57,28.3267,-82.6834,73.99,69,57,14.0
167,Port Macquarie,AU,2021-02-05 17:36:58,-31.4333,152.9167,64.99,99,78,10.67
168,Udachnyy,RU,2021-02-05 17:36:49,66.4167,112.4,-37.64,79,22,2.04
169,Tuatapere,NZ,2021-02-05 17:36:58,-46.1333,167.6833,52.16,90,80,2.55
170,Komsomolskiy,UZ,2021-02-05 17:36:58,40.4272,71.7189,35.6,69,100,6.91
171,Sola,VU,2021-02-05 17:36:58,-13.8833,167.55,80.76,79,97,8.68
172,La Ronge,CA,2021-02-05 17:36:58,55.1001,-105.2842,-23.8,62,16,8.05
173,Qatana,SY,2021-02-05 17:36:58,33.4354,36.0815,64.4,63,20,6.91
174,Alofi,NU,2021-02-05 17:36:58,-19.0595,-169.9187,75.2,100,100,10.36
175,Cap Malheureux,MU,2021-02-05 17:33:38,-19.9842,57.6142,79.0,77,0,1.99
176,Bengkulu,ID,2021-02-05 17:36:59,-3.8004,102.2655,76.78,86,78,4.38
177,Orvieto,IT,2021-02-05 17:36:59,42.7195,12.1116,55.99,86,97,2.59
178,Palaikastron,GR,2021-02-05 17:36:59,35.2,26.25,60.01,81,80,10.31
179,Buraydah,SA,2021-02-05 17:33:33,26.326,43.975,59.0,55,75,20.71
180,Te Anau,NZ,2021-02-05 17:37:00,-45.4167,167.7167,53.69,91,82,0.74
181,Izmayil,UA,2021-02-05 17:37:00,45.3493,28.8408,39.2,75,0,9.22
182,Zarubino,RU,2021-02-05 17:37:00,42.63,131.0922,24.87,94,89,10.42
183,Kyabe,TD,2021-02-05 17:37:00,9.4515,18.9449,84.54,15,59,5.19
184,Pangnirtung,CA,2021-02-05 17:37:00,66.1451,-65.7125,10.4,72,90,4.61
185,Magnolia,US,2021-02-05 17:37:00,33.2671,-93.2393,50.0,49,75,4.61
186,Pondicherry,IN,2021-02-05 17:37:00,11.93,79.83,74.39,78,0,9.98
187,Salinas,US,2021-02-05 17:32:43,36.6777,-121.6555,53.6,71,1,9.22
188,Salvador,SV,2021-02-05 17:37:00,13.8333,-88.9167,89.6,40,0,4.61
189,Jiayuguan,CN,2021-02-05 17:33:36,39.8167,98.3,29.28,69,95,2.28
190,Chokurdakh,RU,2021-02-05 17:37:01,70.6333,147.9167,-12.12,88,98,15.75
191,Noumea,NC,2021-02-05 17:37:01,-22.2763,166.4572,79.0,100,40,2.3
192,Bandarbeyla,SO,2021-02-05 17:37:01,9.4942,50.8122,74.77,69,21,12.35
193,Gunnedah,AU,2021-02-05 17:37:01,-30.9833,150.25,68.0,88,98,5.75
194,Smithers,CA,2021-02-05 17:33:57,54.7804,-127.1743,26.6,93,90,3.58
195,Namatanai,PG,2021-02-05 17:37:01,-3.6667,152.4333,78.48,87,97,10.94
196,Baruun-Urt,MN,2021-02-05 17:37:01,46.6806,113.2792,8.08,89,100,9.37
197,Carutapera,BR,2021-02-05 17:37:01,-1.195,-46.02,86.4,55,5,10.33
198,Oranjemund,NA,2021-02-05 17:37:02,-28.55,16.4333,64.8,84,1,17.45
199,Quang Ngai,VN,2021-02-05 17:37:02,15.1167,108.8,67.82,90,74,2.37
200,Kalmunai,LK,2021-02-05 17:37:02,7.4167,81.8167,75.83,86,94,7.78
201,Nakhon Si Thammarat,TH,2021-02-05 17:37:02,8.25,100.0,75.02,90,89,2.98
202,Taoudenni,ML,2021-02-05 17:37:02,22.6783,-3.9836,86.32,11,35,10.18
203,Flin Flon,CA,2021-02-05 17:37:02,54.7682,-101.865,-18.4,63,20,16.11
204,Georgetown,MY,2021-02-05 17:37:02,5.4112,100.3354,82.4,83,20,3.94
205,Linares,CL,2021-02-05 17:37:02,-35.85,-71.6,86.25,36,1,4.07
206,Nouadhibou,MR,2021-02-05 17:37:02,20.931,-17.0347,68.0,68,40,17.27
207,Avarua,CK,2021-02-05 17:37:03,-21.2078,-159.775,75.2,94,82,2.3
208,Sinnamary,GF,2021-02-05 17:37:03,5.3833,-52.95,79.12,83,89,13.98
209,Fort Morgan,US,2021-02-05 17:37:03,40.2503,-103.8,35.6,30,90,6.91
210,Quartz Hill,US,2021-02-05 17:37:03,34.6453,-118.2181,55.99,56,1,3.76
211,Tigil,RU,2021-02-05 17:37:03,57.8,158.6667,-7.4,88,42,2.82
212,Nabire,ID,2021-02-05 17:37:03,-3.3667,135.4833,75.52,80,100,2.8
213,Pacific Grove,US,2021-02-05 17:36:47,36.6177,-121.9166,57.0,50,1,4.61
214,Hofn,IS,2021-02-05 17:37:03,64.2539,-15.2082,32.0,93,90,4.61
215,Whitley Bay,GB,2021-02-05 17:33:11,55.0397,-1.4471,41.0,93,90,17.27
216,Neepawa,CA,2021-02-05 17:37:04,50.2289,-99.4664,-0.4,71,75,14.97
217,Khatanga,RU,2021-02-05 17:37:04,71.9667,102.5,-29.29,79,58,8.34
218,Shizunai,JP,2021-02-05 17:37:04,42.3339,142.3669,30.0,98,97,5.55
219,Dryden,CA,2021-02-05 17:37:04,49.7833,-92.7503,-5.8,65,90,9.22
220,Mana,GF,2021-02-05 17:37:04,5.6592,-53.7767,80.22,77,88,13.24
221,Jega,NG,2021-02-05 17:37:04,12.2175,4.3792,86.45,14,11,9.24
222,Mildura,AU,2021-02-05 17:37:04,-34.2,142.15,64.4,59,5,10.36
223,Mount Isa,AU,2021-02-05 17:37:05,-20.7333,139.5,84.2,61,90,6.91
224,Magadan,RU,2021-02-05 17:37:05,59.5667,150.8,-4.23,83,99,14.83
225,Ancud,CL,2021-02-05 17:37:05,-41.8697,-73.8203,82.4,28,0,19.57
226,Dharchula,IN,2021-02-05 17:37:05,29.85,80.5333,43.09,64,91,3.78
227,Cape Town,ZA,2021-02-05 17:35:16,-33.9258,18.4232,73.0,73,20,23.02
228,Ulladulla,AU,2021-02-05 17:37:05,-35.35,150.4667,72.0,88,100,10.36
229,Ojinaga,MX,2021-02-05 17:37:05,29.5667,-104.4167,66.2,19,1,9.22
230,Cabo San Lucas,MX,2021-02-05 17:35:47,22.8909,-109.9124,82.0,41,1,5.75
231,Smoky Lake,CA,2021-02-05 17:37:06,54.1169,-112.4686,-13.0,77,100,4.61
232,Wanning,CN,2021-02-05 17:37:06,18.8003,110.3967,67.35,90,43,5.59
233,Znamenskoye,RU,2021-02-05 17:37:06,57.1281,73.8282,21.92,98,97,6.24
234,Mikuni,JP,2021-02-05 17:37:06,36.2171,136.1519,42.8,65,75,8.05
235,Katsuura,JP,2021-02-05 17:32:49,35.1333,140.3,46.0,76,75,5.75
236,Aswan,EG,2021-02-05 17:37:06,24.0934,32.907,64.81,40,5,14.36
237,Chibombo,ZM,2021-02-05 17:37:06,-14.6569,28.0706,68.49,96,77,4.23
238,Puerto Ayora,EC,2021-02-05 17:37:07,-0.7393,-90.3518,86.0,66,75,14.97
239,Mayo,US,2021-02-05 17:37:07,38.8876,-76.5119,53.01,57,1,8.05
240,Teguldet,RU,2021-02-05 17:37:07,57.3064,88.1667,6.78,95,100,4.83
241,Upata,VE,2021-02-05 17:34:25,8.0086,-62.3989,87.78,45,87,7.2
242,Pocri,PA,2021-02-05 17:37:07,8.2667,-80.55,87.8,58,40,12.66
243,Sisimiut,GL,2021-02-05 17:37:07,66.9395,-53.6735,12.92,74,25,11.01
244,Biankouma,CI,2021-02-05 17:37:07,7.7391,-7.6138,86.72,36,64,3.4
245,Lorengau,PG,2021-02-05 17:37:07,-2.0226,147.2712,80.74,76,90,2.59
246,Yar-Sale,RU,2021-02-05 17:37:07,66.8333,70.8333,-24.07,86,97,6.15
247,Lata,PT,2021-02-05 17:37:07,40.1629,-8.3327,53.01,89,100,1.01
248,Fortuna,US,2021-02-05 17:37:08,40.5982,-124.1573,46.99,93,90,4.27
249,Seminole,US,2021-02-05 17:37:08,28.7086,-81.2081,75.2,43,40,16.11
250,Ratnagiri,IN,2021-02-05 17:37:08,16.9833,73.3,74.26,64,0,10.09
251,Mnogovershinnyy,RU,2021-02-05 17:37:08,53.9353,139.9242,-15.05,90,100,4.54
252,Krasnouralsk,RU,2021-02-05 17:37:08,58.3638,60.0407,35.92,97,100,10.47
253,Pizarro,CO,2021-02-05 17:37:08,4.9533,-77.366,81.23,84,87,3.85
254,Rapar,IN,2021-02-05 17:37:08,23.5667,70.6333,67.26,33,0,10.31
255,Nata,PA,2021-02-05 17:37:09,8.3333,-80.5167,87.8,58,40,12.66
256,Faya,SA,2021-02-05 17:37:09,18.3851,42.4509,59.0,72,0,5.75
257,Laguna,US,2021-02-05 17:37:09,38.421,-121.4238,50.0,81,1,3.44
258,Kaitong,CN,2021-02-05 17:37:09,44.8135,123.15,13.41,92,84,3.49
259,Mujiayingzi,CN,2021-02-05 17:37:09,42.1167,118.7833,20.88,92,91,6.96
260,Katobu,ID,2021-02-05 17:37:09,-4.9408,122.5276,75.56,92,98,1.03
261,Kaeo,NZ,2021-02-05 17:37:09,-35.1,173.7833,57.99,94,100,3.11
262,Chumikan,RU,2021-02-05 17:37:10,54.7183,135.315,-12.8,85,100,16.08
263,Constitucion,CL,2021-02-05 17:37:10,-35.3333,-72.4167,65.3,67,79,6.06
264,Kattivakkam,IN,2021-02-05 17:37:10,13.2167,80.3167,73.4,68,0,3.44
265,Derzhavinsk,KZ,2021-02-05 17:37:10,51.1,66.3167,33.24,97,99,7.72
266,Robore,BO,2021-02-05 17:37:10,-18.3333,-59.75,84.2,61,20,11.5
267,Manakara,MG,2021-02-05 17:37:10,-22.1333,48.0167,79.66,84,35,9.01
268,Olafsvik,IS,2021-02-05 17:37:10,64.8945,-23.7142,38.03,81,100,32.84
269,Gizo,SB,2021-02-05 17:37:10,-8.103,156.8419,82.42,76,29,10.4
270,Martapura,ID,2021-02-05 17:37:10,-3.4167,114.85,73.4,100,75,2.3
271,Tres Arroyos,AR,2021-02-05 17:37:10,-38.3739,-60.2798,94.42,15,0,1.86
272,Maraa,BR,2021-02-05 17:37:11,-1.8333,-65.3667,83.16,88,100,3.47
273,Kaitangata,NZ,2021-02-05 17:37:11,-46.2817,169.8464,51.01,83,97,3.0
274,Fairview,US,2021-02-05 17:37:11,40.8126,-73.999,42.8,70,90,8.39
275,Tuy Hoa,VN,2021-02-05 17:37:11,13.0833,109.3,69.78,89,94,5.93
276,Inta,RU,2021-02-05 17:37:11,66.0317,60.1659,-3.64,92,100,8.97
277,Erenhot,CN,2021-02-05 17:37:11,43.6475,111.9767,16.84,91,24,11.3
278,Andilamena,MG,2021-02-05 17:37:11,-17.0167,48.5833,66.56,96,40,5.17
279,Zhezkazgan,KZ,2021-02-05 17:37:11,47.8043,67.7144,20.7,97,18,4.32
280,Portland,US,2021-02-05 17:33:03,45.5234,-122.6762,46.4,87,75,11.5
281,Dingle,PH,2021-02-05 17:37:11,10.9995,122.6711,74.97,90,97,6.73
282,Pasighat,IN,2021-02-05 17:37:12,28.0667,95.3333,63.16,30,34,4.74
283,Paralimni,CY,2021-02-05 17:37:12,35.0375,33.9833,59.0,77,0,3.44
284,Mogadishu,SO,2021-02-05 17:37:12,2.0371,45.3438,77.25,80,0,20.0
285,Broken Hill,AU,2021-02-05 17:37:12,-31.95,141.4333,66.2,48,0,12.66
286,Korla,CN,2021-02-05 17:37:12,41.7597,86.1469,27.66,83,52,3.4
287,Bayan,CN,2021-02-05 17:37:12,46.0833,127.4,-1.75,92,100,3.69
288,Sao Filipe,CV,2021-02-05 17:37:12,14.8961,-24.4956,71.6,72,100,14.47
289,Trail,CA,2021-02-05 17:37:12,49.0998,-117.7022,34.0,74,61,1.01
290,Glyadyanskoye,RU,2021-02-05 17:37:12,54.9075,65.0883,34.14,97,100,10.27
291,Tucumcari,US,2021-02-05 17:37:13,35.1717,-103.725,44.6,33,1,3.44
292,Adrar,MR,2021-02-05 17:33:43,20.5022,-10.0711,75.9,20,33,7.83
293,Cockburn Town,TC,2021-02-05 17:37:13,21.4612,-71.1419,76.95,80,3,18.41
294,Touros,BR,2021-02-05 17:37:13,-5.1989,-35.4608,87.8,51,20,14.97
295,Egvekinot,RU,2021-02-05 17:32:53,66.3167,-179.1667,-14.4,91,100,17.92
296,Safford,US,2021-02-05 17:37:13,32.834,-109.7076,55.99,40,1,4.61
297,Poum,NC,2021-02-05 17:37:13,-20.2333,164.0167,78.98,78,6,6.17
298,Fairbanks,US,2021-02-05 17:35:29,64.8378,-147.7164,-18.0,75,1,3.44
299,Leningradskiy,RU,2021-02-05 17:37:13,69.3833,178.4167,-11.87,87,100,8.77
300,Clyde River,CA,2021-02-05 17:32:40,70.4692,-68.5914,-20.2,76,75,10.36
301,Araouane,ML,2021-02-05 17:37:14,18.9048,-3.5265,86.16,12,68,6.58
302,Carnarvon,AU,2021-02-05 17:35:23,-24.8667,113.6333,80.6,79,90,24.16
303,Saint George,US,2021-02-05 17:37:14,37.1041,-113.5841,45.0,48,1,1.86
304,Ghanzi,BW,2021-02-05 17:37:14,-21.5667,21.7833,72.0,86,99,3.0
305,Urumqi,CN,2021-02-05 17:37:14,43.801,87.6005,12.2,92,70,2.24
306,Luanda,AO,2021-02-05 17:37:14,-8.8368,13.2343,84.2,70,20,12.66
307,Shache,CN,2021-02-05 17:37:14,38.4167,77.2406,30.38,81,0,2.48
308,Along,IN,2021-02-05 17:37:14,28.1667,94.7667,52.41,59,10,2.08
309,Luzhou,CN,2021-02-05 17:37:14,28.8724,105.4405,52.34,73,0,2.82
310,Krasnoselkup,RU,2021-02-05 17:37:14,65.7,82.4667,-31.04,85,45,5.12
311,Kieta,PG,2021-02-05 17:37:15,-6.2167,155.6333,79.79,80,56,5.32
312,Kiomboi,TZ,2021-02-05 17:37:15,-4.2667,34.3667,67.75,77,55,4.65
313,Hamilton,US,2021-02-05 17:35:55,39.1834,-84.5333,34.0,51,75,18.41
314,Saint-Denis,FR,2021-02-05 17:37:15,48.9167,2.3333,52.0,76,90,8.05
315,Ust-Nera,RU,2021-02-05 17:37:15,64.5667,143.2,-15.56,80,100,3.27
316,Doha,QA,2021-02-05 17:37:15,25.2867,51.5333,68.0,94,0,6.91
317,Port-Gentil,GA,2021-02-05 17:37:15,-0.7193,8.7815,82.4,83,40,8.05
318,Samdrup Jongkhar,BT,2021-02-05 17:37:15,26.9167,91.6167,54.34,41,0,5.26
319,Lethem,GY,2021-02-05 17:37:15,3.3803,-59.7968,88.74,48,88,14.97
320,Kamenka,RU,2021-02-05 17:37:16,51.3223,42.7678,19.99,84,100,8.01
321,Rawson,AR,2021-02-05 17:37:16,-43.3002,-65.1023,74.82,53,0,28.95
322,Shanhetun,CN,2021-02-05 17:37:16,44.7,127.2,7.29,95,100,2.26
323,Bud,US,2021-02-05 17:37:16,39.447,-86.1758,28.0,72,66,18.77
324,Avera,US,2021-02-05 17:37:16,33.194,-82.5271,55.4,73,90,5.75
325,Feroke,IN,2021-02-05 17:37:16,11.1774,75.8337,80.6,69,20,4.83
326,Gorom-Gorom,BF,2021-02-05 17:37:16,14.4439,-0.2361,85.69,13,23,8.01
327,Norman Wells,CA,2021-02-05 17:37:16,65.282,-126.8329,-27.4,68,75,16.11
328,Erzin,TR,2021-02-05 17:37:16,36.9559,36.2,60.01,72,0,1.99
329,Saint Anthony,US,2021-02-05 17:37:16,45.0205,-93.218,8.6,61,1,16.11
330,Vanimo,PG,2021-02-05 17:33:24,-2.6741,141.3028,78.55,82,100,4.81
331,Hirara,JP,2021-02-05 17:37:17,24.8,125.2833,69.1,63,73,10.13
332,Bokoro,TD,2021-02-05 17:37:17,12.3807,17.0568,79.32,16,0,11.97
333,Saskylakh,RU,2021-02-05 17:37:17,71.9167,114.0833,-25.11,85,100,7.11
334,San Luis,AR,2021-02-05 17:37:17,-33.295,-66.3356,84.69,23,0,5.64
335,Neiafu,TO,2021-02-05 17:37:17,-18.65,-173.9833,78.8,94,90,9.22
336,Melilla,ES,2021-02-05 17:37:17,35.2937,-2.9383,60.8,82,20,16.11
337,Quatre Cocos,MU,2021-02-05 17:37:17,-20.2078,57.7625,80.6,78,40,8.05
338,Utamysh,RU,2021-02-05 17:37:17,42.4072,47.7511,46.4,81,20,2.24
339,Filadelfia,US,2021-02-05 17:34:06,39.9523,-75.1638,48.0,70,40,11.5
340,Harlingen,US,2021-02-05 17:37:09,26.1906,-97.6961,68.0,77,90,14.97
341,Waipawa,NZ,2021-02-05 17:37:18,-41.4122,175.5153,57.2,88,90,13.8
342,Mangai,CD,2021-02-05 17:37:18,-4.05,19.5333,80.69,64,97,1.79
343,Banda Aceh,ID,2021-02-05 17:37:18,5.5577,95.3222,77.85,83,6,9.69
344,Spoleto,IT,2021-02-05 17:37:18,42.7448,12.7374,55.0,79,100,3.0
345,Bakchar,RU,2021-02-05 17:37:18,57.0186,82.0711,8.11,95,94,5.61
346,Dubuque,US,2021-02-05 17:33:10,42.4833,-90.8668,10.0,72,1,19.57
347,Zapolyarnyy,RU,2021-02-05 17:37:18,69.4154,30.8136,24.8,93,75,10.36
348,Parana,AR,2021-02-05 17:37:18,-31.732,-60.5238,90.0,32,0,4.61
349,Moerai,PF,2021-02-05 17:37:18,-22.4333,-151.3333,79.83,75,35,13.35
350,Takoradi,GH,2021-02-05 17:37:19,4.8845,-1.7554,81.91,83,12,9.78
351,Xining,CN,2021-02-05 17:37:19,36.6167,101.7667,22.64,54,14,1.68
352,Mahibadhoo,MV,2021-02-05 17:34:17,3.7833,72.9667,81.09,75,98,9.51
353,Sechura,PE,2021-02-05 17:37:19,-5.5569,-80.8222,82.44,52,95,9.75
354,Bobo Dioulasso,BF,2021-02-05 17:37:19,11.1771,-4.2979,96.8,19,21,3.44
355,Timra,SE,2021-02-05 17:37:19,62.487,17.3257,21.0,86,0,10.36
356,Guaruja,BR,2021-02-05 17:37:19,-23.9931,-46.2564,79.0,94,90,8.05
357,Lock Haven,US,2021-02-05 17:37:19,41.137,-77.4469,42.01,60,75,9.22
358,Grafton,US,2021-02-05 17:37:19,42.207,-71.6856,39.99,80,90,12.66
359,High Level,CA,2021-02-05 17:37:20,58.5169,-117.136,-29.2,75,20,6.91
360,Boo,SE,2021-02-05 17:37:20,59.3333,18.2833,19.0,92,0,4.61
361,Severnoye,RU,2021-02-05 17:37:20,56.3491,78.3619,15.39,97,94,7.45
362,Kedrovyy,RU,2021-02-05 17:37:20,56.1667,91.8167,1.4,85,100,2.24
363,Paris,FR,2021-02-05 17:32:49,48.8534,2.3488,52.0,76,90,3.44
364,Wallaceburg,CA,2021-02-05 17:37:20,42.593,-82.3885,19.4,73,90,21.85
365,Daru,PG,2021-02-05 17:37:20,-9.0763,143.2092,79.3,83,100,10.0
366,Pangai,TO,2021-02-05 17:37:20,-19.8,-174.35,78.8,100,90,11.36
367,Grand Forks,US,2021-02-05 17:37:21,47.9417,-97.4337,3.99,72,40,20.71
368,Hassleholm,SE,2021-02-05 17:37:21,56.1591,13.7664,19.99,93,90,3.44
369,Asyut,EG,2021-02-05 17:37:21,27.181,31.1837,64.4,59,0,11.5
370,Goderich,CA,2021-02-05 17:37:21,43.7501,-81.7165,24.8,74,100,26.46
371,Yaan,NG,2021-02-05 17:37:21,7.3833,8.5667,89.11,12,3,4.88
372,Rio Grande,BR,2021-02-05 17:32:37,-32.035,-52.0986,75.2,64,75,19.57
373,Teahupoo,PF,2021-02-05 17:37:21,-17.8333,-149.2667,82.0,65,12,1.99
374,San Policarpo,PH,2021-02-05 17:37:21,12.1791,125.5072,80.37,85,84,13.09
375,Mandal,IN,2021-02-05 17:37:22,25.45,74.5667,57.29,36,0,7.07
376,Innisfail,AU,2021-02-05 17:37:22,-17.5333,146.0333,76.86,80,88,1.3
377,Mustasaari,FI,2021-02-05 17:37:22,63.1142,21.6822,10.0,85,57,5.75
378,Yulara,AU,2021-02-05 17:37:22,-25.2406,130.9889,69.8,30,25,8.05
379,Fort Nelson,CA,2021-02-05 17:36:29,58.8053,-122.7002,-13.0,70,90,9.22
380,Qiyang,CN,2021-02-05 17:37:22,26.5911,111.8474,50.77,80,26,3.18
381,Meulaboh,ID,2021-02-05 17:37:22,4.1363,96.1285,77.29,86,60,4.65
382,Whitehorse,CA,2021-02-05 17:37:23,60.7161,-135.0538,-5.01,77,20,2.3
383,Hereford,GB,2021-02-05 17:36:56,52.0568,-2.7148,45.0,93,63,5.66
384,Kharagpur,IN,2021-02-05 17:37:23,22.3333,87.3333,62.53,49,0,5.91
385,Juegang,CN,2021-02-05 17:37:23,32.3174,121.1855,41.04,96,39,5.66
386,Izhma,RU,2021-02-05 17:37:23,65.0083,53.9113,-9.42,89,100,8.5
387,Kaina,NG,2021-02-05 17:37:23,12.6374,8.5873,78.8,19,33,12.66
388,Ahipara,NZ,2021-02-05 17:37:23,-35.1667,173.1667,59.97,89,100,3.69
389,Blackwater,AU,2021-02-05 17:37:23,-23.5833,148.8833,71.64,80,64,8.01
390,Hegang,CN,2021-02-05 17:37:23,47.4,130.3667,-6.52,91,50,3.33
391,Cabrobo,BR,2021-02-05 17:37:23,-8.5142,-39.31,96.12,28,42,11.74
392,Amberley,US,2021-02-05 17:37:24,39.2048,-84.428,34.0,51,75,18.41
393,Brae,GB,2021-02-05 17:37:24,60.3964,-1.353,33.8,55,75,19.57
394,Nenjiang,CN,2021-02-05 17:37:24,49.1833,125.2167,-16.56,84,5,3.76
395,Burnie,AU,2021-02-05 17:37:25,-41.0667,145.9167,62.01,98,100,11.32
396,Guiratinga,BR,2021-02-05 17:37:25,-16.3494,-53.7583,87.82,56,37,6.87
397,Uyovu,TZ,2021-02-05 17:37:25,-3.2833,31.5258,67.62,85,42,2.77
398,Broome,US,2021-02-05 17:33:21,42.2506,-75.833,42.01,65,40,12.66
399,San Andres,CO,2021-02-05 17:37:12,12.5847,-81.7006,84.2,74,20,10.36
400,Bogyiszlo,HU,2021-02-05 17:37:25,46.3864,18.8296,55.4,71,75,4.61
401,Kavieng,PG,2021-02-05 17:37:26,-2.5744,150.7967,80.46,82,100,12.35
402,Pisco,PE,2021-02-05 17:37:26,-13.7,-76.2167,75.0,78,0,9.22
403,Saint-Francois,FR,2021-02-05 17:37:26,46.4154,3.9054,51.01,87,0,10.36
404,Oranjestad,AW,2021-02-05 17:37:26,12.524,-70.027,86.0,66,40,24.16
405,Hanamaki,JP,2021-02-05 17:37:26,39.3833,141.1167,36.05,90,98,4.25
406,Maarianhamina,AX,2021-02-05 17:37:26,60.0973,19.9348,10.4,92,75,1.14
407,Ulaangom,MN,2021-02-05 17:37:26,49.9811,92.0667,-6.25,88,62,1.01
408,Esna,EG,2021-02-05 17:37:26,25.2934,32.554,68.0,56,20,13.8
409,Mattru,SL,2021-02-05 17:37:27,7.6244,-11.8332,88.09,46,66,8.37
410,Camopi,GF,2021-02-05 17:37:27,3.1655,-52.3158,79.86,92,66,4.94
411,Bubaque,GW,2021-02-05 17:37:27,11.2833,-15.8333,77.63,68,85,18.14
412,Nazarovo,RU,2021-02-05 17:37:27,56.0064,90.3914,7.5,93,100,4.09
413,Nyurba,RU,2021-02-05 17:37:27,63.2842,118.3319,-41.85,80,39,2.66
414,Ngorongoro,TZ,2021-02-05 17:37:27,-3.2397,35.4875,58.1,83,31,2.68
415,Beloha,MG,2021-02-05 17:37:27,-25.1667,45.05,77.79,88,84,1.48
416,Catia La Mar,VE,2021-02-05 17:37:27,10.6038,-67.0303,86.0,70,20,12.66
417,Kabanjahe,ID,2021-02-05 17:37:28,3.1001,98.4908,77.0,100,40,2.3
418,Tokur,RU,2021-02-05 17:37:28,53.1333,132.9,-24.02,88,100,1.14
419,Komsomolets,KZ,2021-02-05 17:37:28,53.7453,62.0708,35.55,97,99,12.12
420,Coaraci,BR,2021-02-05 17:37:28,-14.6408,-39.5511,86.0,74,40,14.97
421,Wladyslawowo,PL,2021-02-05 17:37:28,54.7909,18.4009,21.2,73,75,4.61
422,Lagoa,PT,2021-02-05 17:33:20,39.05,-27.9833,56.68,79,88,15.17
423,Padang,ID,2021-02-05 17:37:28,-0.9492,100.3543,77.0,94,40,3.44
424,Yagunovskiy,RU,2021-02-05 17:37:28,55.2828,85.978,10.4,85,100,6.71
425,Coquimbo,CL,2021-02-05 17:32:34,-29.9533,-71.3436,66.2,68,75,10.36
426,Tautira,PF,2021-02-05 17:37:29,-17.7333,-149.15,82.0,65,19,1.99
427,Dunedin,NZ,2021-02-05 17:37:29,-45.8742,170.5036,54.0,81,86,4.0
428,De-Kastri,RU,2021-02-05 17:37:29,51.4667,140.7833,-7.89,87,100,4.76
429,Yanam,IN,2021-02-05 17:37:29,16.7333,82.2167,77.0,61,57,5.75
430,Hudiksvall,SE,2021-02-05 17:37:29,61.729,17.1036,12.99,83,45,8.48
431,Luis Correia,BR,2021-02-05 17:37:29,-2.8792,-41.6669,89.6,62,20,21.85
432,Grandview,US,2021-02-05 17:35:00,38.8858,-94.533,36.0,75,90,8.05
433,La Baneza,ES,2021-02-05 17:37:29,42.3003,-5.8977,46.4,81,75,8.05
434,Candido Mendes,BR,2021-02-05 17:37:30,-1.4467,-45.7167,88.48,46,0,9.37
435,Bambanglipuro,ID,2021-02-05 17:37:30,-7.95,110.2833,76.77,87,92,3.6
436,Virginia Beach,US,2021-02-05 17:35:12,36.8529,-75.978,48.99,92,100,4.0
437,Inongo,CD,2021-02-05 17:37:30,-1.95,18.2667,80.98,64,47,4.85
438,Kavaratti,IN,2021-02-05 17:37:30,10.5669,72.642,80.91,78,9,12.15
439,Tarn Taran,IN,2021-02-05 17:37:30,31.45,74.9253,55.4,82,5,3.33
440,Sim,RU,2021-02-05 17:37:30,54.993,57.6982,35.31,87,95,4.41
441,Tessalit,ML,2021-02-05 17:37:30,20.1986,1.0114,80.22,13,2,9.53
442,Mangan,IN,2021-02-05 17:37:31,27.5167,88.5333,52.75,43,88,5.06
443,Watertown,US,2021-02-05 17:34:36,42.3709,-71.1828,42.01,81,90,10.36
444,Zaysan,KZ,2021-02-05 17:37:31,47.4667,84.8667,19.65,90,95,1.41
445,Ilulissat,GL,2021-02-05 17:37:31,69.2167,-51.1,8.6,43,20,13.8
446,Coffs Harbour,AU,2021-02-05 17:37:31,-30.3,153.1333,68.0,88,95,5.75
447,Buala,SB,2021-02-05 17:32:42,-8.145,159.5921,80.24,79,46,10.76
448,Aykhal,RU,2021-02-05 17:34:18,66.0,111.5,-34.35,81,23,3.65
449,Strezhevoy,RU,2021-02-05 17:34:53,60.7333,77.5889,8.6,85,90,4.47
450,Port Hawkesbury,CA,2021-02-05 17:33:49,45.6169,-61.3485,36.0,100,90,6.91
451,Prince Albert,CA,2021-02-05 17:34:54,53.2001,-105.7677,-16.6,58,1,16.11
452,Kharp,RU,2021-02-05 17:37:32,66.8014,65.8081,-13.9,87,100,4.5
453,Riyadh,SA,2021-02-05 17:35:42,24.6877,46.7219,73.4,14,0,10.36
454,Kilakarai,IN,2021-02-05 17:37:32,9.2333,78.7833,76.55,74,0,14.88
455,Farah,AF,2021-02-05 17:37:32,32.5,62.5,46.99,45,0,2.48
456,Rocha,UY,2021-02-05 17:37:32,-34.4833,-54.3333,68.56,63,93,12.97
457,Shelburne,CA,2021-02-05 17:37:32,44.0787,-80.2041,27.0,90,96,22.79
458,Uchiza,PE,2021-02-05 17:37:32,-8.4592,-76.4633,88.2,49,50,2.44
459,Victoria,HK,2021-02-05 17:37:19,22.2855,114.1577,66.0,78,0,5.79
460,Butembo,CD,2021-02-05 17:34:06,0.15,29.2833,63.01,90,100,0.31
461,Vila Franca Do Campo,PT,2021-02-05 17:33:48,37.7167,-25.4333,57.2,62,40,16.11
462,Southwick,US,2021-02-05 17:37:33,42.0548,-72.7704,37.4,93,90,6.93
463,Nara,JP,2021-02-05 17:34:55,34.6851,135.8049,46.0,50,100,2.44
464,Sao Joao Da Barra,BR,2021-02-05 17:37:33,-21.6403,-41.0511,84.2,65,0,4.61
465,Cacapava Do Sul,BR,2021-02-05 17:37:33,-30.5122,-53.4914,70.95,57,12,7.65
466,Coahuayana,MX,2021-02-05 17:37:35,18.7333,-103.6833,77.0,65,1,9.22
467,Batagay,RU,2021-02-05 17:37:35,67.6333,134.6333,-35.91,80,97,2.39
468,San Rafael,AR,2021-02-05 17:36:21,-34.6177,-68.3301,86.95,19,0,10.85
469,Zyryanka,RU,2021-02-05 17:37:35,65.75,150.85,-16.4,89,100,4.54
470,Mozhga,RU,2021-02-05 17:37:35,56.4447,52.2276,36.79,97,100,14.61
471,Howard Springs,AU,2021-02-05 17:37:35,-12.497,131.047,77.0,94,100,2.3
472,Kolyvan,RU,2021-02-05 17:37:35,55.3053,82.7391,17.6,86,75,6.71
473,Klaksvik,FO,2021-02-05 17:37:36,62.2266,-6.589,33.8,69,20,5.75
474,Coihaique,CL,2021-02-05 17:37:36,-45.5752,-72.0662,80.6,34,0,3.44
475,Saldanha,ZA,2021-02-05 17:37:36,-33.0117,17.9442,71.6,64,1,19.57
476,Antalaha,MG,2021-02-05 17:32:52,-14.9003,50.2788,77.92,85,8,3.47
477,Stornoway,GB,2021-02-05 17:37:36,58.2093,-6.3865,39.2,75,75,20.71
478,Asau,RO,2021-02-05 17:37:36,46.4333,26.4,37.0,74,99,2.3
479,Tupik,RU,2021-02-05 17:37:36,54.4253,119.9327,-20.2,84,80,2.57
480,Chivacoa,VE,2021-02-05 17:37:36,10.1603,-68.895,80.6,61,40,8.05
481,Qasigiannguit,GL,2021-02-05 17:37:36,68.8193,-51.1922,8.6,43,20,13.8
482,Vestmannaeyjar,IS,2021-02-05 17:37:36,63.4427,-20.2734,37.4,81,40,27.63
483,Bend,US,2021-02-05 17:37:37,44.0582,-121.3153,43.0,61,90,8.05
484,Mount Gambier,AU,2021-02-05 17:37:37,-37.8333,140.7667,55.4,94,75,9.22
485,Dwarka,IN,2021-02-05 17:37:37,22.2394,68.9678,71.73,39,0,14.54
486,Muyezerskiy,RU,2021-02-05 17:37:37,63.9333,31.65,3.65,93,100,9.86
487,Fez,MA,2021-02-05 17:37:37,34.0372,-4.9998,53.6,82,75,5.75
488,Conceicao Do Araguaia,BR,2021-02-05 17:37:37,-8.2578,-49.2647,85.64,74,48,4.21
489,Panjakent,TJ,2021-02-05 17:37:37,39.4952,67.6093,48.2,46,100,2.3
490,Christchurch,NZ,2021-02-05 17:37:26,-43.5333,172.6333,55.0,93,80,3.44
491,Beringovskiy,RU,2021-02-05 17:33:24,63.05,179.3167,-7.04,89,100,11.72
492,Carballo,ES,2021-02-05 17:37:38,43.213,-8.691,51.01,86,98,11.99
493,Bonfim,BR,2021-02-05 17:37:38,3.0833,-59.95,89.19,48,93,10.87
494,Marrakesh,MA,2021-02-05 17:35:45,31.6315,-8.0083,60.8,55,40,5.75
495,Jijiga,ET,2021-02-05 17:37:38,9.35,42.8,62.6,39,42,6.02
496,Merauke,ID,2021-02-05 17:37:38,-8.4667,140.3333,78.93,89,98,16.08
497,Samarai,PG,2021-02-05 17:37:38,-10.6167,150.6667,81.3,77,11,3.42
498,Sao Sebastiao,BR,2021-02-05 17:35:39,-23.76,-45.4097,75.33,88,75,7.78
499,Havoysund,NO,2021-02-05 17:37:39,70.9963,24.6622,32.0,64,75,23.02
500,Chapais,CA,2021-02-05 17:37:39,49.7834,-74.8492,21.2,79,1,12.66
501,Port Lincoln,AU,2021-02-05 17:37:39,-34.7333,135.8667,63.48,75,99,21.52
502,Santa Cruz De La Palma,ES,2021-02-05 17:37:39,28.6835,-17.7642,62.6,55,20,19.57
503,At-Bashi,KG,2021-02-05 17:37:39,41.1702,75.8106,11.7,61,61,0.96
504,Lazaro Cardenas,MX,2021-02-05 17:37:39,17.9583,-102.2,81.75,60,23,7.36
505,Pochutla,MX,2021-02-05 17:37:39,15.7432,-96.4661,80.6,74,75,9.22
506,Lanciano,IT,2021-02-05 17:37:39,42.2167,14.3882,52.0,93,90,2.3
507,Aberdeen,GB,2021-02-05 17:36:36,57.1437,-2.0981,37.4,81,90,14.97
508,Wenling,CN,2021-02-05 17:37:39,28.3669,121.36,60.01,92,25,7.16
509,Abatskoye,RU,2021-02-05 17:37:40,56.2875,70.4555,33.85,99,100,8.14
510,Ust-Ilimsk,RU,2021-02-05 17:37:40,58.0006,102.6619,4.84,93,100,5.73
511,Baykit,RU,2021-02-05 17:37:40,61.67,96.37,-0.71,89,100,2.95
512,Port Hardy,CA,2021-02-05 17:33:24,50.6996,-127.4199,42.8,87,90,6.91
513,Los Llanos De Aridane,ES,2021-02-05 17:37:40,28.6585,-17.9182,62.6,55,20,19.57
514,Sakakah,SA,2021-02-05 17:37:40,29.9697,40.2064,55.4,76,20,3.44
515,Qaqortoq,GL,2021-02-05 17:37:40,60.7167,-46.0333,21.2,30,1,3.44
516,Urusha,RU,2021-02-05 17:37:41,54.05,122.9,-16.89,84,90,4.0
517,Gigmoto,PH,2021-02-05 17:37:41,13.7796,124.39,78.1,86,95,8.05
518,Grootfontein,NA,2021-02-05 17:37:41,-19.5667,18.1167,78.04,52,93,4.54
519,Canelli,IT,2021-02-05 17:37:41,44.7215,8.2924,48.0,88,98,0.85
520,Tarakan,ID,2021-02-05 17:37:41,3.3,117.6333,78.8,94,40,3.44
521,Appingedam,NL,2021-02-05 17:37:42,53.3217,6.8583,37.99,98,100,5.01
522,Ewa Beach,US,2021-02-05 17:37:42,21.3156,-158.0072,62.6,82,90,3.44
523,Nome,US,2021-02-05 17:37:42,64.5011,-165.4064,15.8,79,90,25.32
524,Chicama,PE,2021-02-05 17:37:42,-7.8447,-79.1469,73.4,78,40,10.36
525,Saint-Augustin,CA,2021-02-05 17:32:58,51.226,-58.6502,32.76,96,100,17.54
526,Ust-Maya,RU,2021-02-05 17:37:42,60.4167,134.5333,-30.21,84,100,1.97
527,Kresttsy,RU,2021-02-05 17:37:42,58.2452,32.5165,7.57,95,100,6.89
528,Barra Do Garcas,BR,2021-02-05 17:33:58,-15.89,-52.2567,84.2,74,40,2.3
529,Lobito,AO,2021-02-05 17:35:02,-12.3481,13.5456,77.27,76,47,5.1
530,Rawah,IQ,2021-02-05 17:37:43,34.4816,41.9093,56.23,77,98,4.54
531,Nicoya,CR,2021-02-05 17:37:43,10.1483,-85.452,91.4,43,0,10.36
532,Jalingo,NG,2021-02-05 17:37:43,8.8833,11.3667,86.36,14,5,5.1
533,Thouars,FR,2021-02-05 17:37:43,46.976,-0.2151,52.0,1,100,1.01
534,Maniitsoq,GL,2021-02-05 17:37:43,65.4167,-52.9,15.24,73,51,4.36
535,Pionerskiy,RU,2021-02-05 17:37:43,54.9508,20.2275,28.4,74,75,8.95
536,Ouadda,CF,2021-02-05 17:37:43,8.0777,22.4007,77.22,22,6,6.26
537,Manono,CD,2021-02-05 17:37:43,-7.3,27.4167,74.16,87,49,1.16
538,Jamame,SO,2021-02-05 17:37:44,0.0722,42.7506,76.19,81,0,11.43
539,Wewak,PG,2021-02-05 17:37:44,-3.5534,143.6268,77.92,83,100,3.02
540,Peace River,CA,2021-02-05 17:37:44,56.2501,-117.286,-16.6,63,90,12.66
541,Talcahuano,CL,2021-02-05 17:33:24,-36.7167,-73.1167,62.6,82,90,11.5
542,Half Moon Bay,US,2021-02-05 17:37:44,37.4636,-122.4286,55.0,71,1,3.02
543,Gilgit,PK,2021-02-05 17:37:44,35.9221,74.3087,29.48,49,0,3.06
544,Goma,CD,2021-02-05 17:37:44,-1.6792,29.2228,65.5,79,89,3.31
545,Paamiut,GL,2021-02-05 17:37:44,61.994,-49.6678,21.06,77,0,8.84
546,Emba,KZ,2021-02-05 17:37:44,48.8264,58.1442,34.32,90,98,15.03
547,Brindisi,IT,2021-02-05 17:37:45,40.5833,17.6667,59.0,82,75,6.91
548,Hatta,IN,2021-02-05 17:37:45,24.1167,79.6,60.21,62,35,4.54
549,La Macarena,CO,2021-02-05 17:37:45,2.1837,-73.7849,81.99,83,93,3.83
550,Juneau,US,2021-02-05 17:34:04,58.3019,-134.4197,19.4,86,40,4.61
551,Arbagar,RU,2021-02-05 17:37:45,51.9438,116.2805,-12.41,87,73,1.86
552,Pimentel,PE,2021-02-05 17:37:45,-6.8367,-79.9342,78.8,61,75,12.66
553,Shugurovo,RU,2021-02-05 17:37:45,54.5083,52.1326,36.19,96,100,14.25
554,Kirovskiy,RU,2021-02-05 17:37:45,45.0917,133.5136,8.42,96,100,3.42
555,Havelock,US,2021-02-05 17:37:45,34.8791,-76.9013,57.99,58,90,20.71
556,Wadena,US,2021-02-05 17:37:46,46.4425,-95.1361,5.0,66,1,19.57
557,Newport,GB,2021-02-05 17:35:37,51.5877,-2.9984,45.0,95,37,1.99
558,Lerwick,GB,2021-02-05 17:37:46,60.1545,-1.1494,33.8,55,75,19.57
559,Hervey Bay,AU,2021-02-05 17:37:46,-25.2986,152.8535,70.0,86,25,1.01
560,Blagoyevo,RU,2021-02-05 17:37:46,63.3667,47.9167,-9.29,89,99,8.48
561,Darlowo,PL,2021-02-05 17:37:46,54.421,16.4107,27.0,69,51,9.28
562,Nioki,CD,2021-02-05 17:37:46,-2.7167,17.6833,80.47,68,76,2.04
563,Winnemucca,US,2021-02-05 17:37:46,40.973,-117.7357,37.4,52,1,12.66
564,Bireun,ID,2021-02-05 17:37:46,5.203,96.7009,76.69,82,90,4.43
565,Tateyama,JP,2021-02-05 17:37:46,34.9833,139.8667,46.0,76,75,5.75
566,Curico,CL,2021-02-05 17:37:47,-34.9833,-71.2333,66.2,72,90,4.61
567,Skjervoy,NO,2021-02-05 17:37:47,70.0311,20.9714,30.2,86,90,6.91
568,Kimberley,ZA,2021-02-05 17:37:47,-28.7323,24.7623,86.0,51,0,8.19
569,Las Vegas,US,2021-02-05 17:34:08,36.175,-115.1372,53.6,24,1,13.8
570,Vestmanna,FO,2021-02-05 17:37:47,62.1564,-7.1664,33.8,69,20,5.75
